F1,F2,F3,F4,X,Y,Z,LABEL
245,1602,125,124,8.52,3.31,5.07,A
254,1605,171,170,8.48,3.56,5.02,A
246,1680,132,130,8.44,3.65,4.73,A
240,1705,111,110,8.33,3.44,4.77,A
240,1703,113,111,8.52,3.59,4.86,A
276,1712,253,0,8.59,3.81,4.91,A
257,1747,157,150,8.5,3.91,4.76,A
289,1765,144,134,8.25,3.72,4.58,A
245,1761,132,113,8.5,3.87,4.92,A
250,1776,112,112,8.5,3.88,4.72,A
269,1786,146,150,8.42,3.88,4.74,A
247,1769,116,112,8.48,3.89,4.85,A
304,1813,155,176,8.57,3.81,4.77,A
254,1776,115,114,8.34,4.23,4.75,A
269,1757,112,112,8.63,4.05,4.59,A
272,1769,132,131,8.49,3.99,4.59,A
243,1758,111,114,8.45,3.91,4.71,A
311,1810,156,163,8.48,3.93,4.67,A
304,1821,173,145,8.39,3.97,4.71,A
251,1791,113,117,8.45,3.96,4.66,A
267,1803,119,119,8.45,3.99,4.66,A
241,1793,112,112,8.5,3.96,4.67,A
271,1806,138,144,8.49,4.01,4.75,A
300,1809,144,183,8.45,3.99,4.74,A
267,1799,138,135,8.51,3.97,4.57,A
242,1777,133,113,8.54,4.05,4.65,A
240,1777,110,108,8.51,3.95,4.6,A
270,1793,149,132,8.48,3.94,4.67,A
293,1808,166,170,8.5,3.95,4.65,A
265,1795,127,131,8.44,4.01,4.62,A
240,1792,109,107,8.5,3.99,4.67,A
241,1790,107,109,8.5,4.02,4.51,A
262,1808,130,128,8.51,3.99,4.55,A
240,1786,110,128,8.5,4.04,4.61,A
271,1807,137,141,8.46,4.05,4.58,A
240,1798,108,112,8.49,4.05,4.45,A
237,1786,111,125,8.54,4.04,4.61,A
265,1803,144,132,8.49,4.07,4.55,A
239,1786,106,109,8.5,4.09,4.63,A
295,1810,183,186,8.44,4.01,4.66,A
277,1812,138,133,8.38,4.01,4.59,A
240,1783,122,112,8.5,4.03,4.59,A
250,1789,138,133,8.48,4.06,4.64,A
234,1782,115,112,8.46,4.09,4.55,A
265,1773,144,140,8.51,4.06,4.68,A
293,1776,151,137,8.45,4,4.62,A
269,1805,141,138,8.49,4.03,4.62,A
231,1791,128,112,8.5,4.06,4.6,A
229,1785,110,107,8.47,4.08,4.65,A
272,1808,150,144,8.51,4.08,4.71,A
294,1818,155,160,8.46,4,4.67,A
265,1802,128,128,8.5,4.07,4.57,A
235,1777,105,106,8.5,4.04,4.54,A
231,1776,112,110,8.5,4.08,4.61,A
272,1806,157,137,8.42,4.01,4.61,A
238,1786,108,105,8.48,4.01,4.64,A
296,1803,142,148,8.45,4.05,4.6,A
234,1783,128,111,8.58,4.07,4.6,A
240,1777,109,106,8.52,4.09,4.54,A
250,1794,144,130,8.52,4.12,4.63,A
229,1780,106,107,8.47,4.1,4.56,A
281,1810,187,179,8.5,4.02,4.7,A
272,1804,143,129,8.43,4.11,4.55,A
240,1779,111,117,8.44,4.12,4.44,A
243,1786,130,115,8.49,4.01,4.5,A
230,1783,110,106,8.49,4.13,4.58,A
256,1792,147,135,8.48,4.07,4.58,A
277,1795,165,160,8.45,4.08,4.56,A
259,1792,128,149,8.57,4.11,4.51,A
240,1775,117,94,8.46,4.03,4.61,A
230,1787,107,112,8.52,4.09,4.53,A
254,1795,142,143,8.42,4.11,4.57,A
298,1821,160,193,8.46,4.02,4.5,A
262,1799,142,144,8.49,4.1,4.54,A
230,1776,112,128,8.44,4.06,4.63,A
233,1784,109,122,8.51,4.05,4.56,A
253,1789,132,131,8.47,4.06,4.56,A
236,1777,111,86,8.44,4.03,4.62,A
277,1804,133,176,8.56,4.06,4.55,A
231,1779,114,108,8.53,4.1,4.72,A
225,1782,105,81,8.52,4,4.53,A
246,1792,121,109,8.44,4.02,4.57,A
229,1787,109,75,8.52,4.05,4.59,A
292,1810,160,157,8.46,4.06,4.55,A
289,1824,161,144,8.45,4.12,4.65,A
240,1786,110,112,8.5,4.11,4.51,A
243,1790,112,120,8.55,4.07,4.43,A
228,1786,108,112,8.42,4.08,4.61,A
253,1791,144,133,8.5,4.05,4.52,A
277,1808,162,149,8.52,4.09,4.48,A
251,1791,123,141,8.45,4.11,4.64,A
230,1776,108,101,8.46,4.03,4.54,A
229,1785,109,103,8.44,4.05,4.54,A
256,1787,129,136,8.48,4.08,4.54,A
279,1801,182,169,8.4,4.13,4.54,A
282,1795,145,131,8.52,4.14,4.46,A
230,1781,106,106,8.46,4.08,4.51,A
214,1783,105,101,8.48,4.14,4.49,A
250,1791,138,132,8.48,4.17,4.54,A
230,1777,104,103,8.47,4.12,4.45,A
286,1803,189,162,8.51,4.18,4.63,A
226,1783,110,108,8.48,4.29,4.56,A
204,1777,103,105,8.44,4.23,4.5,A
228,1791,126,126,8.45,4.19,4.51,A
234,1775,102,101,8.51,4.19,4.48,A
277,1796,174,171,8.44,4.14,4.44,A
309,1809,176,175,8.43,4.16,4.64,A
198,1779,116,112,8.47,4.14,4.5,A
267,1779,114,114,8.5,4.21,4.45,A
227,1776,102,102,8.55,4.2,4.45,A
260,1785,119,138,8.47,4.21,4.45,A
295,1802,141,142,8.47,4.22,4.49,A
275,1794,133,140,8.43,4.21,4.58,A
240,1779,102,106,8.6,4.22,4.37,A
179,1778,103,104,8.36,4.22,4.5,A
258,1794,124,121,8.51,4.19,4.44,A
241,1787,145,149,8.45,4.23,4.56,A
253,1794,128,128,8.58,4.18,4.46,A
235,1781,110,103,8.47,4.25,4.45,A
226,1779,111,107,8.4,4.17,4.48,A
260,1791,139,123,8.58,4.06,4.57,A
218,1777,102,106,8.41,4.25,4.4,A
301,1807,151,149,8.57,4.16,4.45,A
257,1783,116,109,8.5,4.17,4.46,A
230,1776,107,100,8.43,4.12,4.45,A
240,1781,112,127,8.52,4.12,4.56,A
234,1776,106,106,8.43,4.14,4.46,A
244,1791,121,119,8.48,4.21,4.37,A
251,1806,135,144,8.51,4.19,4.47,A
240,1797,139,127,8.52,4.22,4.45,A
231,1790,107,107,8.47,4.25,4.62,A
221,1781,99,104,8.44,4.16,4.53,A
258,1799,130,122,8.44,4.14,4.46,A
262,1810,163,144,8.44,4.18,4.56,A
243,1791,122,143,8.49,4.23,4.39,A
229,1776,106,96,8.39,4.15,4.47,A
223,1781,99,108,8.5,4.26,4.55,A
241,1798,121,128,8.42,4.3,4.53,A
222,1779,102,102,8.5,4.03,4.42,A
272,1795,128,126,8.52,4.19,4.49,A
224,1747,278,0,8.44,4.12,4.52,A
218,1760,91,101,8.39,4.12,4.6,A
243,1714,132,131,8.44,4.07,4.56,A
231,1719,80,102,8.43,4.22,4.39,A
287,1823,151,144,8.47,4.12,4.43,A
294,1760,145,130,8.4,4.14,4.53,A
237,1935,102,111,8.45,4.1,4.5,A
237,1965,111,111,8.51,4.14,4.49,A
223,1945,103,98,8.45,4.2,4.48,A
256,1968,128,133,8.54,4.12,4.49,A
272,1995,151,157,8.5,4.15,4.56,A
247,1999,121,128,8.47,4.13,4.46,A
233,1727,100,98,8.49,4.18,4.5,A
225,1712,91,98,8.44,4.19,4.48,A
241,1702,117,130,8.37,4.09,4.52,A
268,1984,119,118,8.38,4.23,4.62,A
240,1981,102,103,8.51,4.12,4.46,A
230,1986,97,101,8.35,4.14,4.63,A
243,1986,128,137,8.44,4.19,4.46,A
236,1955,112,101,8.45,4.18,4.48,A
290,1968,158,182,8.48,4.15,4.63,A
245,1936,109,103,8.45,4.22,4.48,A
230,1930,106,121,8.46,4.25,4.56,A
241,1936,133,125,8.5,4.21,4.47,A
219,1936,107,102,8.47,4.28,4.46,A
269,1962,138,138,8.47,4.25,4.5,A
247,2006,176,161,8.38,4.25,4.55,A
260,1984,114,112,8.38,4.18,4.56,A
236,2045,124,125,8.49,4.23,4.61,A
243,2102,103,101,8.48,4.2,4.45,A
237,1711,67,75,7.91,3.92,5.75,B
235,1701,57,69,8.02,3.94,5.86,B
247,1743,71,75,7.92,3.98,5.83,B
223,1731,61,64,8.01,3.98,5.75,B
219,1731,58,63,7.99,4.06,5.8,B
241,1741,80,77,7.99,3.99,5.76,B
231,1728,58,59,7.98,3.96,5.75,B
240,1737,74,66,7.94,4.04,5.79,B
240,1735,71,64,7.96,4.01,5.87,B
231,1731,64,58,8.02,3.96,5.78,B
256,1742,89,100,7.89,3.94,5.81,B
219,1725,58,60,8.02,4.01,5.7,B
249,1749,103,87,7.87,4.01,5.86,B
269,1740,109,112,8.01,4.21,5.65,B
265,1748,118,111,7.9,3.96,5.94,B
256,1746,78,83,7.91,4.05,5.78,B
224,1728,53,57,7.98,4.03,5.72,B
240,1747,86,86,7.89,4.01,5.74,B
254,1757,112,112,7.92,4.03,5.72,B
247,1747,96,104,7.89,4.01,5.79,B
224,1744,55,56,7.92,4.06,5.73,B
225,1739,61,60,7.99,4.08,5.69,B
242,1754,96,82,7.92,4.03,5.82,B
234,1740,58,60,7.97,4.08,5.71,B
229,1749,80,90,8.03,4.06,5.74,B
225,1738,55,64,7.95,4.07,5.78,B
226,1739,68,64,7.93,4.04,5.74,B
232,1752,75,72,7.94,4.11,5.74,B
225,1738,60,61,7.93,4.05,5.73,B
244,1753,97,79,7.97,4.05,5.66,B
255,1744,77,73,7.94,4.02,5.81,B
226,1746,60,65,7.95,4.05,5.72,B
247,1764,103,107,7.99,4.05,5.71,B
222,1742,61,62,7.94,4.08,5.78,B
255,1757,99,110,7.94,4.03,5.69,B
261,1746,98,80,7.93,4.06,5.73,B
265,1733,105,81,7.99,4.06,5.73,B
226,1730,82,88,7.97,4.03,5.7,B
221,1760,61,58,7.99,4.09,5.81,B
260,1751,80,83,7.92,4.05,5.76,B
273,1763,111,89,7.96,4.1,5.78,B
241,1747,74,73,7.96,4.05,5.69,B
225,1744,61,58,7.88,3.65,5.41,B
222,1741,57,58,5.67,1.6,6.19,B
239,1755,83,81,8.1,4.09,5.62,B
224,1735,57,63,8.02,3.9,5.69,B
247,1710,76,79,7.92,4.05,5.78,B
225,1736,58,62,7.98,4.08,5.71,B
219,1722,60,55,7.93,4,5.77,B
246,1730,71,88,7.8,4.2,5.71,B
221,1718,52,56,7.96,4.07,5.63,B
256,1731,80,55,8.03,4.05,5.75,B
270,1751,105,82,7.85,4.1,5.7,B
235,1719,64,59,8,3.96,5.63,B
263,1742,100,115,7.96,4.09,5.59,B
223,1712,56,53,7.91,4,5.72,B
244,1746,111,102,8.04,4.11,5.59,B
254,1728,90,115,7.99,3.98,5.63,B
272,1744,102,66,8,4.04,5.73,B
223,1714,63,64,7.98,4.04,5.71,B
225,1728,58,63,7.98,4.06,5.69,B
237,1730,81,82,7.99,4.01,5.69,B
213,1731,103,80,7.96,4.1,5.61,B
227,1726,91,77,8.01,3.97,5.61,B
221,1718,60,73,8,4.09,5.7,B
223,1717,61,62,8.02,4.03,5.71,B
240,1723,90,82,7.94,4.07,5.72,B
223,1712,53,68,8.02,4.06,5.82,B
258,1721,81,76,7.99,4.02,5.61,B
237,1712,62,63,7.96,4.1,5.61,B
221,1701,58,63,7.99,4.08,5.65,B
281,1681,82,87,7.93,4.07,5.65,B
247,1463,49,55,7.99,4.05,5.73,B
271,1507,95,78,8.01,4.03,5.64,B
251,1509,102,80,8.06,3.97,5.74,B
224,1520,99,81,8,4.04,5.8,B
233,1471,93,101,7.99,4.07,5.67,B
223,1483,53,64,7.96,4.1,5.66,B
255,1557,74,80,8.01,4.03,5.65,B
259,1561,112,91,7.97,4.13,5.65,B
263,1669,99,112,8.05,3.96,5.73,B
245,1647,59,55,7.98,4.07,5.73,B
240,1648,59,63,7.98,4.08,5.6,B
240,1655,74,74,7.99,4.07,5.62,B
221,1527,54,51,7.98,4.06,5.56,B
239,1663,85,70,8,4.11,5.72,B
217,1648,66,61,7.95,4.07,5.64,B
218,1501,51,55,7.97,4.07,5.74,B
256,1426,74,67,7.96,4.13,5.58,B
240,1535,59,54,7.93,4.07,5.59,B
245,1675,90,80,7.95,4,5.7,B
257,1611,94,80,7.98,3.96,5.64,B
226,1519,62,58,7.95,4.08,5.77,B
260,1512,80,94,8.02,4.07,5.83,B
243,1570,52,58,8.04,4.08,5.66,B
240,1703,112,89,7.98,4.13,5.78,B
254,1562,85,110,8,4.11,5.72,B
267,1499,76,121,7.99,4.05,5.72,B
226,1431,52,75,8.02,4.04,5.64,B
221,1424,51,50,7.94,4.11,5.67,B
230,1426,70,90,8.03,4.14,5.68,B
249,1422,99,87,7.96,4.07,5.7,B
253,1409,74,67,7.99,4.12,5.5,B
223,1399,57,55,7.97,4.07,5.67,B
229,1384,54,53,8.01,4.06,5.66,B
237,1374,144,73,7.96,4.01,5.77,B
217,1355,55,55,7.97,4.13,5.61,B
243,1367,67,87,7.99,4.13,5.63,B
224,1358,75,58,8.03,4.09,5.7,B
211,1343,51,53,8.05,4.11,5.62,B
256,1382,80,70,8,4.13,5.67,B
215,1361,64,55,7.98,4.09,5.7,B
241,1399,12,77,7.94,4.15,5.61,B
256,1377,82,113,8,4.06,5.61,B
257,1391,77,80,8.05,4.07,5.67,B
260,1376,71,75,7.91,4.09,5.76,B
222,1339,38,70,7.98,4.05,5.69,B
234,1361,102,87,7.96,4.1,5.69,B
249,1367,81,98,7.97,4.1,5.71,B
240,1345,85,99,7.95,4.1,5.68,B
211,1526,63,55,8.02,4.12,5.65,B
217,1616,55,54,7.93,4.21,5.61,B
236,1695,18,78,7.95,4.1,5.67,B
223,1693,57,75,7.94,4.14,5.8,B
243,1699,69,90,8,4.15,5.54,B
223,1743,57,54,8.01,4.13,5.59,B
221,1765,58,58,7.94,4.19,5.66,B
239,1807,89,74,7.94,4.19,5.57,B
221,1813,51,58,7.98,4.13,5.67,B
240,1832,76,80,8.02,4.15,5.58,B
231,1824,64,64,7.96,4.07,5.64,B
242,1824,64,57,8.02,4.12,5.61,B
265,1842,115,103,8.05,4.15,5.63,B
223,1825,59,59,8.01,4.1,5.71,B
261,1856,80,86,8.02,4.16,5.6,B
255,1839,107,90,8,4.11,5.64,B
263,1803,101,96,8.09,4.1,5.67,B
237,1761,86,101,8.01,4.15,5.67,B
218,1748,58,53,7.99,4.13,5.7,B
250,1771,78,80,8.02,4.07,5.68,B
253,1782,104,96,7.95,4.15,5.63,B
234,1764,94,97,7.95,4.13,5.65,B
220,1755,57,58,7.95,4.17,5.62,B
221,1753,59,64,7.96,4.13,5.65,B
228,1766,86,74,7.93,4.12,5.73,B
231,1758,59,56,7.92,4.17,5.7,B
237,1776,68,85,7.98,4.19,5.79,B
229,1765,55,58,8.01,4.14,5.68,B
213,1774,54,59,7.97,4.1,5.81,B
231,1773,80,85,7.91,4.13,5.7,B
219,1771,53,57,7.96,4.08,5.61,B
245,1782,69,81,7.91,4.06,5.74,B
272,1811,82,76,8,4.16,5.65,B
224,1792,64,64,7.88,4.1,5.68,B
265,1805,81,95,8.02,4.1,5.76,B
229,1795,57,59,7.97,4.16,5.6,B
241,1811,106,82,7.95,4.22,5.76,B
244,1799,100,97,8.01,4.15,5.72,B
253,1986,96,106,7.93,4.11,5.73,B
225,2117,64,62,7.99,4.16,5.7,B
215,2122,62,61,7.93,4.18,5.68,B
240,2177,77,76,7.93,4.09,5.59,B
255,2231,95,109,7.93,4.09,5.75,B
252,2225,77,73,7.9,4.15,5.56,B
226,2220,61,67,8,4.22,5.72,B
223,2270,64,64,7.91,4.18,5.69,B
257,2201,73,71,7.95,4.17,5.63,B
220,2213,80,64,7.91,4.13,5.67,B
237,2215,91,95,7.93,4.16,5.67,B
237,2238,64,64,8.38,4.6,5.65,B
217,2227,80,62,7.94,4.14,5.69,B
250,2247,96,91,7.95,4.13,5.77,B
225,2265,64,64,7.95,4.12,5.65,B
261,2256,103,86,7.93,4.17,5.67,B
240,2258,111,83,7.93,4.22,5.81,B
242,2260,101,107,7.94,4.14,5.72,B
416,2313,278,0,6.33,0.88,9.18,C
387,2235,293,46,4.99,1.32,9.41,C
395,2241,269,1,6.02,0.67,9.11,C
291,2463,272,0,7.1,0.91,9.01,C
308,2451,304,48,6.36,1.1,9.02,C
282,2413,260,0,6.72,1.47,8.5,C
293,2413,293,16,6.85,1.33,8.77,C
310,2335,282,11,6.76,1.12,8.59,C
274,2366,271,0,6.73,1.11,8.74,C
314,1524,285,24,6.77,1.19,8.55,C
256,1712,253,0,6.5,0.83,8.83,C
274,1715,257,0,6.32,1.04,8.86,C
311,1602,304,33,6.83,2.54,8.73,C
254,1613,237,0,6.62,1.17,8.97,C
269,1617,285,0,6.19,1.06,9.19,C
217,1087,222,0,6.32,1.4,8.37,C
231,1201,233,0,6.76,1.63,8.55,C
257,1174,287,5,6.71,1.39,8.64,C
261,1505,261,0,6.98,1.59,8.24,C
231,1433,240,0,6.75,1.6,8.45,C
240,1424,218,0,6.66,1.61,8.54,C
244,1441,229,0,6.76,1.59,8.49,C
282,1483,285,25,6.3,1.35,8.7,C
246,1459,251,0,7.15,1.84,8.31,C
229,1455,230,0,6.79,1.55,8.51,C
224,1469,227,0,6.83,1.76,8.33,C
245,1437,240,0,6.78,1.57,8.37,C
233,1409,231,0,6.86,1.57,8.47,C
261,1359,272,0,6.8,1.65,8.51,C
395,2368,240,0,5.75,0.44,9.24,C
411,2453,242,0,5.63,0.34,9.52,C
453,2479,273,3,5.81,0.4,9.28,C
418,2496,243,0,5.8,0.37,9.47,C
432,2497,277,0,5.9,0.45,9.45,C
432,2485,246,0,5.84,0.32,9.32,C
359,2103,241,0,5.81,0.34,9.48,C
467,2110,293,12,5.83,0.3,9.41,C
435,2350,246,0,5.8,0.34,9.38,C
449,2366,276,5,5.95,0.36,9.49,C
528,2418,327,36,5.82,0.21,9.26,C
464,2487,286,0,5.61,0.26,9.59,C
487,2480,310,60,5.87,0.36,9.33,C
462,2470,271,0,5.82,0.38,9.5,C
474,2481,293,29,6.08,0.8,9.46,C
554,2483,337,58,5.9,0.32,9.34,C
527,2483,329,64,5.9,0.34,9.47,C
479,2455,310,29,6.16,0.56,9.22,C
459,2451,272,0,5.76,0.46,9.45,C
485,2448,285,9,5.68,0.24,9.44,C
539,2446,349,77,5.78,0.33,9.44,C
511,2438,329,70,5.96,0.45,9.61,C
456,2423,273,0,5.75,0.41,9.35,C
451,2417,272,0,5.74,0.25,9.55,C
469,2394,289,11,5.76,0.35,9.44,C
546,2433,337,83,5.6,0.32,9.29,C
482,2399,311,51,5.71,0.38,9.47,C
427,2352,262,0,5.68,0.26,9.28,C
414,2294,254,0,6.02,0.88,9.35,C
485,2402,301,15,5.94,0.81,9.43,C
416,2313,278,0,6.33,0.88,9.18,C
427,2383,251,0,6.08,0.73,9.24,C
426,2391,253,0,6.07,0.67,9.19,C
441,2400,275,0,6.06,0.77,9.18,C
423,2448,251,0,6.05,0.73,9.34,C
467,2450,279,16,6.13,0.79,9.18,C
423,2448,256,0,5.98,0.58,9.26,C
422,2448,251,0,6.02,0.72,9.25,C
464,2449,279,17,5.92,0.68,9.17,C
428,2462,268,0,6.07,0.65,9.4,C
448,2494,265,0,5.91,0.58,9.44,C
444,2499,267,0,6.03,0.67,9.23,C
429,2384,261,0,6.02,0.59,9.41,C
457,2271,300,24,5.96,0.59,9.23,C
433,2276,249,0,5.98,0.57,9.22,C
451,2391,278,0,6.02,0.57,9.29,C
528,2419,384,58,6.01,0.51,9.21,C
455,2415,271,0,5.97,0.56,9.27,C
470,2451,320,1,6.19,0.6,9.21,C
436,2435,264,0,6,0.59,9.33,C
454,2420,272,0,6.04,0.54,9.27,C
508,2373,336,48,5.95,0.51,9.25,C
511,2454,309,42,5.97,0.58,9.22,C
461,2432,303,26,6.01,0.5,9.35,C
439,2454,254,0,5.9,0.51,9.38,C
453,2449,266,0,5.89,0.46,9.39,C
500,2502,325,58,5.87,0.51,9.47,C
468,2398,313,31,5.93,0.5,9.41,C
391,2320,240,0,5.95,0.51,9.31,C
420,2425,263,0,6.04,0.71,9.35,C
461,2448,273,0,5.94,0.39,9.31,C
429,2529,300,10,5.65,0.43,9.29,C
346,2402,269,0,6,0.64,9.59,C
435,2368,267,12,6.1,0.78,9.35,C
432,2386,269,0,6.15,0.87,9.04,C
464,2384,294,16,6.19,0.89,9.22,C
432,2391,330,49,6.1,0.93,9.17,C
475,2384,318,38,6.18,0.86,9.2,C
442,2336,270,0,6.18,0.83,9.1,C
435,2383,272,0,6.14,0.77,9.18,C
468,2403,306,26,6.19,0.81,9.19,C
432,2381,267,0,6.11,0.75,9.14,C
449,2384,301,29,6.15,0.82,9.34,C
446,2377,285,0,6.15,0.6,9.42,C
445,2365,272,0,6.1,0.8,9.12,C
480,2415,307,37,6.1,0.77,9.2,C
434,2417,267,0,6.16,0.76,9.13,C
461,2432,304,29,6.12,0.82,9.28,C
501,2438,323,50,6.09,0.81,9.14,C
448,2352,273,16,6.16,0.87,9.19,C
487,2422,349,65,6.15,0.75,9.16,C
448,2423,272,0,6.14,0.78,9.11,C
457,2406,289,7,6.26,0.77,9.19,C
521,2475,347,112,6.11,0.74,9.26,C
489,2384,320,32,6.18,0.8,9.15,C
469,2446,325,51,6.1,0.7,9.19,C
434,2437,272,0,6.2,0.82,9.29,C
457,2423,288,21,6.07,0.72,9.22,C
506,2475,343,93,6.16,0.76,9.33,C
492,2431,347,75,6.12,0.69,9.12,C
438,2416,272,20,6.04,0.6,9.26,C
434,2443,257,0,6.16,0.73,9.18,C
436,2416,273,0,6.03,0.75,9.25,C
502,2448,320,65,6.01,0.71,9.25,C
455,2390,297,37,6.08,0.66,9.17,C
477,2413,269,0,6.44,1.83,8.75,C
477,2410,267,0,6.43,1.84,8.89,C
528,2427,306,30,6.44,1.81,8.79,C
503,2431,301,10,6.49,1.82,8.7,C
471,2425,257,0,6.44,1.86,8.7,C
473,2403,249,0,6.46,1.8,8.64,C
497,2412,272,0,6.35,1.77,8.81,C
474,2411,245,11,6.44,1.88,8.78,C
496,2421,279,9,6.39,1.8,8.83,C
470,2407,243,0,6.44,1.89,8.88,C
481,2416,240,0,6.42,1.6,8.76,C
493,2446,283,9,6.44,1.74,8.79,C
464,2448,262,0,6.31,1.58,8.94,C
500,2387,305,17,6.42,1.48,8.51,C
474,2305,293,10,6.49,1.34,8.95,C
486,2359,263,7,6.34,1.47,9.03,C
528,2427,313,61,6.19,1.07,9.01,C
464,2347,272,0,6.35,1.27,8.9,C
445,2267,298,14,6.2,1.16,8.99,C
542,2395,368,154,6.19,1.07,9.04,C
464,2301,301,13,6.3,1.09,9.07,C
478,2287,327,59,6.22,0.95,9.07,C
424,2343,270,0,6.2,0.94,9.07,C
448,2303,288,9,6.21,0.97,9.17,C
523,2306,336,67,6.21,0.85,9.09,C
498,2367,330,48,6.22,0.92,9.22,C
443,2322,301,16,6.22,0.8,9.06,C
430,2321,271,0,6.14,0.91,9.04,C
451,2309,289,12,6.04,0.81,9.19,C
511,2355,347,78,6.24,0.82,9.08,C
485,2367,327,39,6.09,0.85,9.33,C
476,2475,281,4,6.06,2.1,9,C
553,2495,311,79,6.1,2.08,8.96,C
538,2482,303,11,6.03,2.11,9.07,C
511,2483,304,15,6.24,2.06,8.9,C
482,2480,253,0,6.12,2.08,8.86,C
495,2499,274,0,6.2,2.02,9.09,C
558,2519,329,46,6.05,1.94,9.04,C
548,2501,310,16,6.08,1.96,8.96,C
487,2454,269,0,6.01,1.94,9.04,C
455,2435,256,0,6.08,1.88,9.03,C
506,2459,272,0,6.11,1.94,9.12,C
525,2480,355,66,6.01,1.91,9.02,C
525,2480,295,18,6.04,1.93,9.22,C
483,2457,255,0,5.98,1.83,9.11,C
479,2480,262,0,6.05,1.9,9.05,C
510,2495,272,0,6.01,1.86,9.12,C
482,2479,252,0,6.06,1.93,9.04,C
511,2479,272,0,6.03,1.95,9.1,C
486,2461,256,0,6.04,1.89,9.03,C
485,2458,257,0,6.13,1.97,8.96,C
529,2463,291,20,6.03,1.84,9.01,C
475,2447,257,0,6.06,1.85,8.95,C
502,2445,266,11,6.03,1.94,9.01,C
549,2427,306,6,6.06,1.95,8.94,C
496,2416,257,0,6.23,2.05,8.98,C
535,2429,307,27,6.22,1.99,8.86,C
479,2410,253,0,6.21,1.94,8.84,C
503,2407,266,0,6.45,1.99,9.08,C
565,2437,321,43,6.31,1.88,8.84,C
538,2416,305,23,7.07,1.9,6.96,C
509,2418,309,9,6.39,1.83,8.81,C
390,1959,450,87,7.42,4.46,6.33,D
293,1920,361,37,7.41,4.53,6.36,D
363,1954,407,75,7.38,4.52,6.41,D
401,1963,438,144,7.33,4.51,6.26,D
331,1921,379,42,7.26,4.47,6.59,D
414,1945,451,79,7.4,4.46,6.32,D
286,1892,368,14,7.47,4.55,6.25,D
338,1934,413,80,7.39,4.46,6.14,D
393,1999,474,131,7.32,4.48,6.31,D
336,1917,385,32,7.35,4.49,6.3,D
341,1955,465,117,7.33,4.51,6.27,D
301,1910,365,16,7.37,4.54,6.26,D
368,1943,418,78,7.41,4.52,6.41,D
435,1979,528,158,7.47,4.54,6.32,D
389,1935,394,48,7.38,4.57,6.24,D
400,1979,449,141,7.38,4.58,6.5,D
304,1920,362,16,7.36,4.54,6.27,D
348,1961,415,85,7.41,4.56,6.29,D
448,1999,491,167,7.37,4.54,6.38,D
353,1956,402,50,7.35,4.49,6.25,D
387,1985,454,123,7.37,4.53,6.34,D
304,1915,362,14,7.34,4.51,6.36,D
346,1959,416,88,7.32,4.53,6.29,D
413,2000,496,164,7.36,4.59,6.31,D
368,1967,410,72,7.38,4.52,6.33,D
387,1969,469,142,7.26,4.52,6.28,D
292,1932,366,16,7.33,4.51,6.41,D
363,1963,423,82,7.21,4.57,6.39,D
405,1988,455,161,7.36,4.51,6.53,D
415,2000,431,79,7.27,4.47,6.34,D
393,2000,452,110,7.37,4.55,6.34,D
319,1951,363,16,7.31,4.53,6.54,D
302,1936,361,13,7.5,4.48,6.31,D
361,1952,417,77,7.37,4.47,6.35,D
288,1909,363,16,7.39,4.53,6.3,D
342,1953,416,75,7.38,4.52,6.46,D
318,1914,369,25,7.35,4.51,6.27,D
304,1911,367,15,7.36,4.46,6.25,D
365,1959,426,80,7.42,4.5,6.46,D
298,1911,371,15,7.27,4.55,6.28,D
355,1921,418,65,7.39,4.49,6.42,D
321,1947,371,38,7.36,4.52,6.28,D
306,1947,371,18,7.35,4.51,6.29,D
376,1984,426,77,7.41,4.51,6.34,D
298,1953,358,30,7.4,4.52,6.23,D
354,1949,423,83,7.41,4.52,6.22,D
316,1932,380,33,7.26,4.53,6.51,D
306,1936,366,20,7.19,4.54,6.36,D
360,1968,433,81,7.35,4.47,6.26,D
301,1936,364,16,7.35,4.53,6.46,D
366,1973,417,67,7.37,4.5,6.29,D
335,1933,386,0,7.34,4.49,6.4,D
303,1923,366,25,7.37,4.54,6.3,D
351,1966,419,85,7.37,4.54,6.29,D
300,1917,368,17,7.43,4.47,6.38,D
349,1942,409,98,7.37,4.51,6.27,D
349,1936,395,54,7.29,4.48,6.46,D
304,1938,370,19,7.36,4.5,6.41,D
382,1976,423,81,7.34,4.53,6.27,D
302,1936,365,0,7.36,4.53,6.37,D
340,1982,427,69,7.36,4.53,6.29,D
375,1979,416,72,7.36,4.57,6.32,D
310,1923,371,42,7.28,4.49,6.39,D
399,1893,448,99,7.46,4.46,6.34,D
301,1840,358,16,7.46,4.53,6.21,D
292,1873,357,14,7.44,4.49,6.23,D
348,1914,421,87,7.51,4.51,6.4,D
417,1939,447,112,7.39,4.5,6.27,D
376,1872,432,129,7.46,4.48,6.29,D
305,1808,357,14,7.39,4.5,6.33,D
295,1875,359,16,7.39,4.5,6.22,D
368,1919,402,80,7.44,4.53,6.22,D
409,1937,441,111,7.42,4.47,6.34,D
359,1908,433,99,7.3,4.43,6.26,D
302,1877,365,16,7.45,4.47,6.34,D
304,1869,357,14,7.4,4.51,6.18,D
359,1902,417,80,7.36,4.49,6.28,D
357,1920,465,144,7.45,4.55,6.27,D
342,1923,415,80,7.42,4.48,6.21,D
297,1889,368,21,7.52,4.42,6.42,D
309,1814,362,14,7.35,4.47,6.25,D
356,1842,432,89,7.44,4.43,6.2,D
296,1821,417,73,7.36,4.54,6.22,D
367,1853,411,64,7.35,4.46,6.31,D
307,1851,365,16,7.45,4.46,6.24,D
295,1872,363,16,7.41,4.44,6.28,D
350,1911,412,74,7.41,4.5,6.22,D
304,1892,365,16,7.33,4.48,6.52,D
352,1902,430,86,7.36,4.49,6.35,D
304,1901,361,35,7.36,4.49,6.25,D
299,1891,363,19,7.36,4.49,6.45,D
358,1938,427,79,7.36,4.48,6.28,D
318,1916,358,25,7.31,4.5,6.59,D
352,1939,413,81,7.38,4.53,6.51,D
306,1867,367,17,7.34,4.48,6.29,D
434,1855,447,113,7.48,4.51,6.25,D
336,1805,380,48,7.48,4.47,6.21,D
384,1854,461,121,7.46,4.46,6.22,D
302,1787,369,11,7.44,4.49,6.16,D
359,1819,407,97,7.54,4.51,6.15,D
435,1862,523,175,7.5,4.43,6.17,D
346,1805,396,48,7.41,4.48,6.17,D
407,1843,451,112,7.37,4.5,6.43,D
303,1786,355,16,7.47,4.52,6.2,D
355,1823,413,78,7.4,4.45,6.3,D
384,1856,501,161,7.41,4.46,6.47,D
384,1824,417,66,7.51,4.4,6.23,D
387,1899,448,155,7.4,4.52,6.45,D
300,1857,359,23,7.49,4.48,6.25,D
356,1889,418,75,7.37,4.46,6.28,D
415,1931,455,115,7.41,4.43,6.33,D
400,1920,470,116,7.45,4.49,6.2,D
372,1904,451,112,7.45,4.51,6.24,D
295,1874,365,13,7.42,4.52,6.29,D
363,1904,421,75,7.41,4.53,6.24,D
400,1919,437,139,7.55,4.49,6.35,D
387,1931,467,122,7.48,4.47,6.36,D
375,1919,439,99,7.39,4.49,6.17,D
298,1870,357,16,7.43,4.49,6.31,D
352,1893,412,76,7.39,4.53,6.26,D
394,1894,468,135,7.47,4.5,6.24,D
402,1874,461,119,7.39,4.53,6.23,D
336,1857,393,64,7.41,4.47,6.23,D
293,1826,371,14,7.42,4.48,6.25,D
350,1829,414,86,7.38,4.48,6.36,D
361,1985,422,80,7.28,4.57,6.36,D
418,2014,461,126,7.29,4.58,6.37,D
399,2007,454,133,7.24,4.53,6.41,D
399,2000,452,121,7.26,4.53,6.34,D
302,1965,364,14,7.39,4.6,6.25,D
368,2004,425,79,7.37,4.61,6.41,D
400,2032,451,141,7.32,4.52,6.29,D
375,2039,467,128,7.31,4.57,6.26,D
371,2012,434,93,7.35,4.53,6.34,D
301,1969,363,14,7.26,4.53,6.28,D
337,2007,418,80,7.32,4.49,6.38,D
407,2034,464,126,7.34,4.58,6.32,D
399,2032,474,142,7.39,4.56,6.29,D
336,2019,444,98,7.34,4.53,6.41,D
305,1985,363,13,7.32,4.53,6.33,D
357,2010,411,79,7.35,4.52,6.35,D
400,2033,469,141,7.44,4.52,6.33,D
405,2038,463,115,7.35,4.55,6.42,D
331,2005,400,58,7.27,4.51,6.44,D
304,1984,362,13,7.37,4.51,6.33,D
341,2015,423,78,7.31,4.55,6.32,D
390,2058,465,124,7.39,4.55,6.42,D
399,2034,449,105,7.33,4.54,6.31,D
294,1995,379,48,7.31,4.57,6.36,D
299,2000,304,14,7.37,4.52,6.29,D
367,2031,422,77,7.35,4.49,6.44,D
401,2066,450,135,7.34,4.57,6.56,D
375,2054,473,134,7.46,4.53,5.95,D
